{
    "greeting": [
        "Hello! How can I help you today?",
        "Welcome to our business chat support. How may I assist you?",
        "Hi there! What can I help you with today?"
    ],
    "business_hours": [
        "Our business hours are Monday through Friday, 9am to 5pm.",
        "We're open weekdays from 9am to 5pm.",
        "Our office is open from 9am to 5pm, Monday to Friday. We're closed on weekends and holidays."
    ],
    "contact_info": [
        "You can reach us at contact@business.com or call (555) 123-4567.",
        "For immediate assistance, please call (555) 123-4567 or email contact@business.com.",
        "Our customer service team can be reached at (555) 123-4567 or via email at contact@business.com."
    ],
    "product_info": [
        "We offer a range of products and services. Could you specify which one you're interested in?",
        "Our products include software solutions, consulting services, and support packages. What would you like to know more about?",
        "We have various products and services designed to meet different business needs. Which particular area are you interested in?"
    ],
    "pricing": [
        "Our pricing varies based on the specific product or service. Could you let me know which one you're interested in?",
        "Pricing information can be found on our website or I can help you with a specific product's pricing.",
        "We offer flexible pricing options for our products and services. Which product are you inquiring about?"
    ],
    "support": [
        "For technical support, please describe your issue and I'll try to help or direct you to the right resource.",
        "I can help with basic troubleshooting or connect you with our support team for more complex issues.",
        "Please provide details about the issue you're experiencing, and I'll do my best to assist you or connect you with our technical team."
    ],
    "refund_policy": [
        "Our refund policy allows returns within 30 days of purchase with a valid receipt.",
        "We offer refunds within 30 days of the original purchase date.",
        "According to our refund policy, you can request a refund within 30 days of purchase. Would you like more details about the process?"
    ],
    "shipping": [
        "Standard shipping takes 3-5 business days. Express shipping options are also available.",
        "We ship to most countries worldwide with delivery times ranging from 3-10 business days depending on location.",
        "For domestic orders, shipping typically takes 3-5 business days. International shipping may take 7-14 business days."
    ],
    "feedback": [
        "We appreciate your feedback! Is there something specific you'd like to share about our products or services?",
        "Thank you for your interest in providing feedback. Would you like to tell me more about your experience?",
        "Your feedback helps us improve. Please share your thoughts or suggestions about our products or services."
    ],
    "human_assistance": [
        "It seems like you might need assistance from one of our human representatives. Would you like me to arrange that?",
        "For this specific inquiry, it might be best to speak with a human agent. Would you like me to connect you?",
        "I can see this question might require specialized assistance. Would you prefer to speak with a human agent?"
    ],
    "fallback": [
        "I apologize, but I'm not sure I understand your question. Could you rephrase that?",
        "I'm sorry, I don't have information on that topic. Would you like to ask something else?",
        "I don't have enough information to answer that properly. Could you provide more details?"
    ],
    "goodbye": [
        "Thank you for chatting with us today! Is there anything else I can help you with?",
        "I hope I was able to assist you. Have a great day!",
        "Thank you for contacting our business support. Feel free to reach out again if you need anything else."
    ]
}